Nombre,Apellido,Edad,Email,Telefono
Juan,Garcia,27,juan.garcia@ejemplo.com,555-0122-5544
Maria,Martinez,21,maria.martinez@ejemplo.com,555-0169-8356
Pedro,Lopez,28,pedro.lopez@ejemplo.com,555-0162-2428
Laura,Perez,37,laura.perez@ejemplo.com,555-0177-8292
Carlos,Gonzalez,23,carlos.gonzalez@ejemplo.com,555-0172-4179
Ana,Rodriguez,27,ana.rodriguez@ejemplo.com,555-0156-3966
Luis,Sanchez,38,luis.sanchez@ejemplo.com,555-0178-2277
Sofia,Ramirez,43,sofia.ramirez@ejemplo.com,555-0125-6823
Miguel,Flores,38,miguel.flores@ejemplo.com,555-0184-3845
Elena,Vega,26,elena.vega@ejemplo.com,555-0124-3536
Jose,Diaz,38,jose.diaz@ejemplo.com,555-0128-4266
Lucia,Moreno,45,lucia.moreno@ejemplo.com,555-0112-7187
Fernando,Suarez,45,fernando.suarez@ejemplo.com,555-0159-9181
Camila,Ortiz,19,camila.ortiz@ejemplo.com,555-0187-2072
Ricardo,Jimenez,50,ricardo.jimenez@ejemplo.com,555-0139-6756
Paula,Mendez,44,paula.mendez@ejemplo.com,555-0119-9714
Diego,Ruiz,38,diego.ruiz@ejemplo.com,555-0111-1147
Valeria,Silva,37,valeria.silva@ejemplo.com,555-0176-6552
Javier,Ramos,48,javier.ramos@ejemplo.com,555-0151-5561
Isabel,Vargas,53,isabel.vargas@ejemplo.com,555-0175-9523